ts,speed,accel_x,gyro_z,vibration
2025-03-05 08:30:01,40,0.25,1.0,0.20
2025-03-05 08:30:02,42,0.30,1.1,0.22
2025-03-05 08:30:03,44,0.35,1.2,0.25
2025-03-05 08:30:04,46,0.40,1.3,0.28
2025-03-05 08:30:05,48,0.45,1.5,0.30
2025-03-05 08:30:06,50,0.55,1.8,0.35
2025-03-05 08:30:07,52,0.65,2.2,0.45
2025-03-05 08:30:08,54,0.80,2.8,0.60
2025-03-05 08:30:09,56,1.10,3.5,0.85
2025-03-05 08:30:10,58,1.40,4.0,1.10
2025-03-05 08:30:11,15,3.00,12.5,2.00
2025-03-05 08:30:12,12,3.50,16.0,2.60
2025-03-05 08:30:13,10,3.20,14.8,2.40
2025-03-05 08:30:14,8,2.80,13.0,2.20
2025-03-05 08:30:15,6,2.50,11.5,2.00
2025-03-05 08:30:16,45,0.70,2.0,0.50
2025-03-05 08:30:17,47,0.60,1.8,0.45
2025-03-05 08:30:18,46,0.50,1.6,0.40
2025-03-05 08:30:19,48,0.40,1.4,0.35
2025-03-05 08:30:20,50,0.30,1.2,0.30
