ts,speed_mean,speed_std,accel_mean,accel_std,vib_mean,engine_ratio,gps_jump_mean,prob
2025-11-27 18:14:58.616542,55,5.0,0.8,0.3,0.4,0.9,0.2,0.63
2025-11-27 18:15:01.601126,55,5.0,0.8,0.3,0.4,0.3,0.2,0.635
2025-11-27 18:15:07.429198,55,5.0,0.8,0.3,0.4,0.9,0.2,0.63
2025-11-27 18:15:08.888877,17,5.0,0.8,0.3,0.4,0.9,0.2,0.63
2025-11-27 18:15:12.838923,17,5.0,0.8,0.3,0.4,0.18,0.2,0.635
2025-11-27 18:15:15.389695,17,5.0,0.8,0.3,0.4,0.46,0.2,0.635
2025-11-27 18:15:16.141720,17,5.0,0.8,0.3,0.13,0.46,0.2,0.58
2025-11-27 18:15:16.896749,17,5.0,0.8,0.08,0.13,0.46,0.2,0.59
2025-11-27 18:19:20.477037,55,5.0,0.8,0.3,0.4,0.9,0.2,0.63
2025-11-27 18:19:22.954167,18,5.0,0.8,0.3,0.4,0.9,0.2,0.63
2025-12-08 13:54:26.126589,55,5.0,0.8,0.3,0.4,0.9,0.2,0.63
2025-12-08 13:54:27.827223,15,5.0,0.8,0.3,0.4,0.9,0.2,0.63
2025-12-08 13:54:30.125288,15,5.0,0.8,0.3,0.4,0.3,0.2,0.635
2025-12-08 13:54:31.296889,15,5.0,0.8,0.3,0.4,0.19,0.2,0.635
2025-12-08 13:54:32.227306,15,5.0,0.8,0.3,0.4,0.09,0.2,0.635
2025-12-08 13:54:32.960248,15,5.0,0.8,0.3,0.4,0.01,0.2,0.67
2025-12-08 13:54:33.980092,15,5.0,0.8,0.3,0.1,0.01,0.2,0.29
2025-12-08 13:54:34.850069,15,5.0,0.8,0.15,0.1,0.01,0.2,0.29
2026-01-29 11:35:17.772050,55,5.0,0.8,0.3,0.4,0.9,0.2,0.63
2026-01-29 11:35:40.912022,55,5.0,0.8,0.3,0.4,0.9,0.2,0.63
2026-01-29 11:35:45.502540,55,5.0,0.8,0.3,0.4,0.9,0.2,0.63
2026-02-03 16:48:02.307129,55,5.0,0.8,0.3,0.4,0.9,0.2,0.63
2026-02-03 17:05:13.472096,55,5.0,0.8,0.3,0.4,0.9,0.2,0.63
2026-02-03 17:05:19.923211,55,5.0,0.8,0.3,0.4,0.31,0.2,0.635
2026-02-03 17:05:21.665936,55,5.0,0.8,0.3,0.1,0.31,0.2,0.255
2026-02-03 17:05:23.160175,55,5.0,0.8,0.08,0.1,0.31,0.2,0.275
2026-02-03 17:05:25.246017,55,5.0,0.15,0.08,0.1,0.31,0.2,0.28
2026-02-03 17:05:27.031368,55,1.27,0.15,0.08,0.1,0.31,0.2,0.3
2026-02-03 17:05:28.775896,10,1.27,0.15,0.08,0.1,0.31,0.2,0.145
2026-02-03 17:05:32.654621,10,1.27,0.15,0.08,0.1,0.02,0.2,0.18
2026-02-03 17:07:22.408859,55,5.0,0.8,0.3,0.4,0.9,0.2,0.63
2026-02-03 17:07:23.985236,55,1.97,0.8,0.3,0.4,0.9,0.2,0.64
2026-02-03 17:07:26.747512,55,1.97,0.8,0.3,0.4,0.27,0.2,0.645
2026-02-03 17:07:29.343337,55,17.2,0.8,0.3,0.4,0.27,0.2,0.635
2026-02-03 17:07:30.905814,55,17.2,0.8,0.3,0.4,0.45,0.2,0.635
2026-02-03 17:07:37.262922,55,5.0,0.8,0.3,0.4,0.9,0.2,0.63
2026-02-03 17:07:39.882754,22,5.0,0.8,0.3,0.4,0.9,0.2,0.63
2026-02-03 17:07:42.199926,22,5.0,0.8,0.3,0.4,0.21,0.2,0.635
2026-02-03 17:07:44.247713,22,5.0,0.8,0.3,0.4,0.21,2.9,0.635
2026-02-03 17:07:45.829645,22,5.0,0.8,0.3,0.4,0.21,9.76,0.635
2026-02-03 17:07:47.640146,22,5.0,0.8,0.3,0.4,0.89,9.76,0.63
2026-02-03 17:07:49.982628,22,5.0,0.8,0.3,2.29,0.89,9.76,0.63
2026-02-03 17:07:51.495043,22,5.0,0.8,1.93,2.29,0.89,9.76,0.635
2026-02-03 17:07:52.290947,22,5.0,3.32,1.93,2.29,0.89,9.76,0.675
2026-02-03 17:07:53.197717,22,21.85,3.32,1.93,2.29,0.89,9.76,0.675
2026-02-03 17:07:56.277629,93,21.85,3.32,1.93,2.29,0.89,9.76,0.675
2026-02-03 17:07:58.371455,145,21.85,3.32,1.93,2.29,0.89,9.76,0.675
2026-02-03 17:07:58.893473,126,21.85,3.32,1.93,2.29,0.89,9.76,0.675
2026-02-03 17:07:59.116410,127,21.85,3.32,1.93,2.29,0.89,9.76,0.675
2026-02-03 17:08:00.553049,10,21.85,3.32,1.93,2.29,0.89,9.76,0.515
2026-02-03 17:08:03.651127,10,4.65,3.32,1.93,2.29,0.89,9.76,0.515
2026-02-03 17:08:04.318953,10,4.65,0.88,1.93,2.29,0.89,9.76,0.5
2026-02-03 17:08:05.458975,10,4.65,0.88,0.58,2.29,0.89,9.76,0.51
2026-02-03 17:08:06.525680,10,4.65,0.88,0.58,0.84,0.89,9.76,0.51
2026-02-03 17:08:07.799444,10,4.65,0.88,0.58,0.84,0.09,9.76,0.51
2026-02-03 17:08:09.530275,10,4.65,0.88,0.58,0.84,0.09,1.9,0.51
2026-02-03 17:08:17.987261,55,5.0,0.8,0.3,0.4,0.9,0.2,0.63
2026-02-03 17:08:21.361414,55,5.0,0.8,0.3,0.4,0.44,0.2,0.635
2026-02-03 17:17:31.238080,0.63
2026-02-03 17:17:33.297253,0.635
2026-02-03 17:17:35.834469,0.635
2026-02-03 17:17:37.870488,0.635
2026-02-03 17:17:40.255369,0.635
2026-02-03 17:17:41.872756,0.635
2026-02-03 17:17:43.857092,0.585
2026-02-03 17:17:46.853502,0.125
2026-02-03 17:17:48.400341,0.635
2026-02-03 17:17:49.968799,0.635
2026-02-03 17:17:51.022730,0.635
2026-02-03 17:17:51.756948,0.635
2026-02-03 17:17:52.672166,0.67
2026-02-03 17:17:53.743225,0.635
2026-02-03 17:17:54.797985,0.63
2026-02-03 17:17:56.295901,0.63
2026-02-03 17:17:57.742916,0.635
2026-02-03 17:17:58.378952,0.635
2026-02-03 17:17:59.361403,0.635
2026-02-03 17:18:01.173873,0.635
2026-02-03 17:18:02.415950,0.675
2026-02-03 17:18:04.049822,0.675
2026-02-03 17:18:05.189172,0.675
2026-02-03 17:18:06.612126,0.675
2026-02-03 17:18:07.674015,0.52
2026-02-03 17:18:16.609783,0.52
2026-02-03 17:28:18.869932,0.63
2026-02-03 17:28:21.284606,0.63
2026-02-03 17:28:28.362130,0.63
2026-02-03 17:28:29.523849,0.63
2026-02-03 17:28:31.726941,0.635
2026-02-03 17:28:55.428339,0.63
2026-02-03 17:28:57.005775,0.63
2026-02-03 17:28:58.430375,0.635
2026-02-03 17:29:00.651955,0.635
2026-02-03 17:29:01.706966,0.635
2026-02-03 17:29:02.625494,0.63
2026-02-03 17:29:04.091142,0.63
2026-02-03 17:29:04.909061,0.675
2026-02-03 17:29:06.778261,0.675
2026-02-03 17:29:07.701155,0.635
2026-02-03 17:29:08.492647,0.675
2026-02-03 17:29:09.854968,0.665
2026-02-03 17:29:10.582121,0.1
2026-02-03 17:29:11.366957,0.115
