speed_mean,speed_std,accel_mean,accel_std,vib_mean,engine_ratio,gps_jump_mean,y_true,y_prob,y_pred
12.388236445501304,3.692970882312367,1.9294210816022064,1.1871760671165776,0.0719887944379567,1.0,13.044589435146383,0,0.0,0
0.1161720217476281,0.0685160494436637,0.3164058795989378,0.076295675191984,0.0086697193461807,0.0,0.1084462445241309,0,0.0,0
0.2045896942479782,0.0695708870604427,0.2404334437362271,0.1564095482403211,0.0169104951349357,0.0,0.2044600490022557,0,0.0,0
0.1488127855313993,0.0851489135019063,0.1930007741190253,0.1081495413907768,0.0133860583951099,0.0,0.1466961324579568,0,0.005,0
0.1529693088991454,0.1049876773280306,0.2540967222739393,0.1323562144861653,0.0124309380702386,0.0,0.1626822434570509,0,0.0,0
11.77277032928547,2.341247794058926,1.7451730311148048,0.945583274533926,0.04977365296456,1.0,11.773141325543,0,0.0,0
6.172253264610487,6.569128509354472,1.7995352297931,2.187603756568092,0.0386509745816308,0.5,7.028273487354984,0,0.0,0
0.1479440592034688,0.0874080798470619,0.2451975987803272,0.1308478990534991,0.0162572260818687,0.0,0.1435727571131045,0,0.0,0
12.65574289355585,2.122977634952084,1.466176796774572,0.6983898918298824,0.054241422821376,1.0,13.035164112061356,0,0.0,0
0.1231439291400774,0.0772282863643629,0.252470498283502,0.1331732621856515,0.0111598539155345,0.0,0.1349886666571761,0,0.0,0
0.2006853165649281,0.0829968035470338,0.2695355633974599,0.1415839175281979,0.0157192325199702,0.0,0.1957320280519101,0,0.0,0
0.1684272016581865,0.0991058825558335,0.185822432734166,0.1033219919814461,0.0126860321795001,0.0,0.1725315546832234,0,0.0,0
0.1993149877971515,0.0822620864230164,0.1688667370206412,0.0626089915359867,0.0173129521423304,0.0,0.2016907583189785,0,0.0,0
11.4810825743908,3.454931221472794,1.4858236466974053,1.3706178484883462,0.0411357167200632,1.0,11.80595173900645,0,0.0,0
10.979335142596298,1.8049983311073905,1.1972861172691571,0.6418595517777852,0.0812900893470732,1.0,10.93045951043158,0,0.0,0
0.0990976994145376,0.0782833681576251,0.1895008710159634,0.1038045078119248,0.0220441075236518,0.0,0.0968144391549482,0,0.0,0
0.1670123438334298,0.0584420822162003,0.2101234877912949,0.1414620682746097,0.0186747385320592,0.0,0.1706385629690763,0,0.0,0
13.217708044959489,3.572829742022457,2.250379994554333,1.6613591453270835,0.0613095164474506,1.0,13.432450400100487,0,0.02,0
0.1968011297557804,0.091568436420737,0.2432134871238314,0.0985760981911839,0.0205699268248445,0.0,0.1992233602087733,0,0.0,0
0.0722862757753936,0.0471167039451283,0.2517659116906938,0.1567718852048612,0.0120967469310169,0.0,0.0790935033130978,0,0.0,0
14.14438640003632,2.713995244138513,2.50074920321801,1.3384508919001707,0.3174353117071123,0.5,12.624174649493195,1,0.75,1
0.149672871583872,0.0924098555901903,0.1580796359259506,0.0688324258982866,0.0140411810747096,0.0,0.1613410491077181,0,0.0,0
0.1447066990357972,0.0940492680173998,0.2076642697785057,0.1184423666824428,0.0150273529896154,0.0,0.1314935134554111,0,0.005,0
0.1039208081637054,0.0855425848884268,0.1816603076469386,0.1080784740210534,0.0154499559284145,0.0,0.1027406533483652,0,0.0,0
0.1831092731039623,0.0683892903913179,0.1689406721237364,0.1301688323135562,0.0087078993094554,0.0,0.1721247455902075,0,0.005,0
0.1296041806652658,0.0760498383003364,0.8090970056321701,2.0017918672442296,0.0151375494926762,0.0,0.1314255038935059,0,0.005,0
0.1439235872578774,0.0894605014107641,0.2845805406938326,0.1507289073204218,0.0131203316066547,0.0,0.1597031078691871,0,0.0,0
12.344230631827408,2.746344307111668,1.8174804018175637,1.103922591933466,0.0649877873009366,1.0,12.19548127789636,0,0.0,0
0.104959679243194,0.091607990437764,0.2601230790921754,0.1694342677625723,0.0092369977148595,0.0,0.0853681577987242,0,0.0,0
9.10783346253616,5.173749749658397,1.9323361438815112,2.6503493755134877,0.0608722815635069,0.8,10.160259511702217,0,0.0,0
3.633255146236857,5.847765337336938,1.9998289162261864,2.80404189917534,0.0316525689374004,0.3,3.212906838876004,0,0.0,0
0.1044268532653939,0.0676426559511442,0.2779424787921813,0.1676908714601035,0.0161398204038689,0.0,0.1148359491381443,0,0.0,0
0.152293844624569,0.0998624423704831,0.2509860610517953,0.1581837595837862,0.0147120034382992,0.0,0.1624457378757142,0,0.0,0
11.875544568194094,2.8312414984248564,1.407007256173762,1.3660167526813536,0.0627197036990017,1.0,11.91187777143314,0,0.0,0
0.1928391195242281,0.0768064323793347,0.3024713133228093,0.1885620057320363,0.0125791851385415,0.0,0.1981703209089459,0,0.0,0
0.1520201833857363,0.0831516387781327,0.2621512240749379,0.1059707072632245,0.016606329408212,0.0,0.1685850613977917,0,0.0,0
0.136240143283669,0.088093028470144,0.1828441655210527,0.1175067166253047,0.0171922185930285,0.0,0.1371219530016419,0,0.005,0
0.2058818554640111,0.0827837078621757,0.1499039210632581,0.0862270761768547,0.0153994561997656,0.0,0.2036686344908037,0,0.0,0
0.1315549059597534,0.1035232409657462,0.1863682240454696,0.0694672458538421,0.0197445224884648,0.0,0.1306166524425848,0,0.0,0
12.09840828566272,3.350679386180744,1.8856671896331303,1.1981140742067022,0.0606333077787088,1.0,11.936782087024287,0,0.0,0
10.934901343804984,2.5192860911629067,1.301569093239791,0.588470729952339,0.0626519489926865,1.0,11.143940746833158,0,0.0,0
0.1236673803211963,0.0881152903654134,0.2918117055427222,0.1024421694758944,0.0131958987951546,0.0,0.1328935295780126,0,0.0,0
0.1723810988189374,0.0627391256101656,0.1749939987467125,0.123130124556017,0.0181942977800806,0.0,0.1701248012108727,0,0.0,0
12.80950816485696,2.480364664421568,1.611671540194606,1.370257937263457,0.0778020962566492,1.0,13.001264350371722,0,0.0,0
0.1088904909309094,0.0748752319531321,0.240842726667467,0.0899104536119944,0.012669038451841,0.0,0.1135496336473325,0,0.0,0
0.0821980412380857,0.062672938370145,0.1973619821741321,0.121506977993204,0.0106332447720348,0.0,0.0777031062633908,0,0.0,0
0.1752271061172798,0.0893531972007365,0.2339900231599455,0.1352339879790779,0.0172901056799438,0.0,0.1798168260356123,0,0.0,0
0.1783535603482539,0.074499745910722,0.2030254611969107,0.0900309599331593,0.0141810059515046,0.0,0.1814253448582963,0,0.0,0
0.18144922882944,0.0974424014411977,0.2585264556991039,0.1224660872530721,0.0215286535609679,0.0,0.1992812541292506,0,0.0,0
0.1812656754914356,0.0812801575304873,0.1740715582912759,0.0966806142813605,0.0161685717451571,0.0,0.1898681758233075,0,0.0,0
0.1290599151409163,0.0766434108210463,0.254943292469221,0.1939064143545966,0.0208833478482563,0.0,0.1280643063489189,0,0.0,0
9.83556178251746,3.141008907644641,2.40156116609196,1.414507990228029,0.0687208268683318,1.0,9.467282479627936,0,0.005,0
12.537958450395886,2.856945377815673,1.7976068704753048,1.1276608402605637,0.05615828909754,1.0,12.199232956562458,0,0.0,0
11.577367127722727,3.7405571326536817,1.6833388698192806,1.0803734617981715,0.059112112522037,1.0,12.19315355616314,0,0.0,0
13.468826687551111,3.417590726408424,1.119530328065426,0.7512180342454201,0.0578189840727965,1.0,12.831641928529908,0,0.005,0
0.1386913519904896,0.1037708656944154,0.2545916429479473,0.1453146033619911,0.010516695753283,0.0,0.1481702261950358,0,0.0,0
12.501675647880967,3.559826627884725,1.7928445738037264,1.9413093576396496,0.0674282952787354,1.0,12.37102525333969,0,0.0,0
11.888612338939458,2.000530187740871,1.4488881534758022,0.9046790604707752,0.0642130120796573,1.0,12.29804300847169,0,0.0,0
4.848236450758907,5.400238557429974,1.70887718199503,1.912767504413788,0.0266245626009097,0.5,4.742097544795672,0,0.0,0
10.350345311835252,3.988101576652217,2.6454136471832315,1.846148826499164,0.0574074208888832,1.0,10.614164459697657,0,0.0,0
0.1775758401067298,0.0983612734123419,0.2781260416855455,0.128110181122011,0.0208095040461816,0.0,0.1738412007333611,0,0.0,0
0.153082931551265,0.0635440543892484,0.2502155312263858,0.1009241144445421,0.0127957128325011,0.0,0.1570565531869712,0,0.0,0
12.529442476927477,2.700342747552714,2.068720355313883,1.4149706907066903,0.0550452032192433,1.0,12.857757006896968,0,0.005,0
0.1274764664738694,0.1026526125459391,0.1439541123256481,0.0528289637047774,0.0187852708468279,0.0,0.1337930716976011,0,0.0,0
0.1695713900054821,0.0959750749359429,0.2286153047079056,0.1324623646615296,0.0169062912979153,0.0,0.1625116843220587,0,0.0,0
0.1591287752547355,0.0955161257014118,0.2486761602247515,0.1447710988699337,0.0085836221366767,0.0,0.1552297716534219,0,0.0,0
11.578566513412133,2.973121672895016,1.66533495662208,0.986429618859098,0.0727734048984637,1.0,11.56511626813258,0,0.0,0
13.236338638907004,2.615111614203343,1.7300177578435796,1.2392792602301692,0.0472140363292373,1.0,13.510532036296423,0,0.0,0
0.1468015251488739,0.0674624892069847,0.2710462570412907,0.1496919647832324,0.017099856095982,0.0,0.155952759347328,0,0.0,0
11.91126064662055,2.104776489296552,1.0499558613826456,0.7165690830483811,0.0634641883014605,1.0,12.633889544661676,0,0.0,0
11.717554722417598,2.2556158271732167,1.164111412716984,1.2396716916306765,0.0573860647962908,1.0,11.993068943880544,0,0.0,0
13.93886559497562,2.729426757612736,1.9246737721870129,0.964176668355598,0.0685827116604231,1.0,14.197667180552571,0,0.005,0
0.1779248470626035,0.0884888714905922,0.2189371132390313,0.1536743344337728,0.0153621007894192,0.0,0.1844743274151259,0,0.0,0
0.1750597294683551,0.0858389666554329,0.2030421491810983,0.118192997527051,0.0159024011172423,0.0,0.1760896930190217,0,0.0,0
0.1472180848248656,0.0722337019290112,0.2020309881434057,0.1254070881851111,0.0195352865451054,0.0,0.1544905988881013,0,0.0,0
0.1156769065323435,0.0921396880458248,0.1988542597778426,0.0960672911281781,0.0104665086433417,0.0,0.1247391334150388,0,0.005,0
0.1518196373584798,0.0903031462275645,0.2529760965321636,0.1594845901549213,0.0137525075906374,0.0,0.1685764513824287,0,0.0,0
0.1630648067100516,0.082716977405957,0.2004866760911991,0.0736241264562956,0.0175753453263088,0.0,0.1522957149519721,0,0.0,0
0.1752939209769182,0.0620939586594641,0.1880666117412046,0.1178161125283496,0.0141822376890626,0.0,0.1770475236739259,0,0.0,0
12.22785573751078,3.1199536449706726,1.70330318064598,1.4406125715842892,0.0656312592569976,1.0,12.099583791217214,0,0.0,0
12.925543187434156,2.989880956035246,1.539036569091102,1.1564287261094706,0.0727651515539901,1.0,13.428604291102989,0,0.0,0
0.1566609540570124,0.1009116792902157,0.2366818819040294,0.1381544832829486,0.0137626764229165,0.0,0.1499447060065442,0,0.0,0
0.1893354715758544,0.0845614378867096,0.203025758410155,0.1049364938113435,0.014997101721741,0.0,0.2060900294032129,0,0.0,0
10.50618463152957,2.1586540892691257,1.394659531982479,1.1107553169599738,0.0720603120830758,1.0,10.523480514830148,0,0.0,0
1.529093684906374,4.345010448315062,1.395573624179854,2.41854101098185,0.0217420453138585,0.1,0.1587313916674227,0,0.0,0
0.1569652467102834,0.0979876942407526,0.2420225013389893,0.0826958186141651,0.0131833503717797,0.0,0.1489988109071594,0,0.0,0
13.160173280568417,2.36728796099397,1.4749543363155737,1.3607175315112316,0.0658587761748679,1.0,13.570830482564569,0,0.01,0
12.524658355224847,2.2049386602467265,0.9669245159670172,1.004557482519284,0.0528011730132987,1.0,12.852512257809575,0,0.0,0
11.888547264412807,2.5413406218017927,1.5652246634102396,1.2161046356620149,0.0794052588742558,1.0,12.235340487628864,0,0.0,0
0.0923177526950667,0.0579935238536508,0.2037533436720552,0.0882757540891613,0.0157782007246925,0.0,0.088797083018498,0,0.0,0
0.1919850585446507,0.1027086209730072,0.2844865277263965,0.0951955129787296,0.0125824339062175,0.0,0.2051541994172545,0,0.0,0
0.1603621160025122,0.0909522064855866,0.2121087458124213,0.1323471812788703,0.0160280445435606,0.0,0.1678652241664174,0,0.0,0
0.1601673107625551,0.0571907269920377,0.2209039350534018,0.1559481535499792,0.0180777704422924,0.0,0.1663720757126803,0,0.0,0
0.1674811505423489,0.0827946599742783,0.2019749319207796,0.0298309433092411,0.000575560945788,0.0,0.2302676567337429,0,0.0,0
13.500200006487091,2.47296273902293,1.9242347980067247,1.3685200400811524,0.0684265818150278,1.0,13.11946394690727,0,0.01,0
0.1477251379678174,0.0796302476965071,0.236918312024992,0.1232496425238001,0.0199310003158916,0.0,0.1634650915291987,0,0.0,0
12.585929229364302,2.2063529983491037,1.4796057009414876,0.9128300981723476,0.0708136940924654,1.0,12.86654280550108,0,0.0,0
0.1442441779100726,0.065627695038693,0.2230324722249736,0.0997973858024798,0.0146316128677871,0.0,0.151295165498432,0,0.0,0
0.1350795325011728,0.0827373140748002,0.1862780745550648,0.0744511347075013,0.0111297847021349,0.0,0.1372396735159905,0,0.0,0
0.1259398669782195,0.1028197547236779,0.2575529659898841,0.1567882327653156,0.0214146589307528,0.0,0.1149275613919448,0,0.0,0
0.1588074076481064,0.0940197321321522,0.2369951460539245,0.1197050294383986,0.0178895843839674,0.0,0.163898553501023,0,0.0,0
11.991949274793278,3.9937369123204736,2.341134447763912,1.6562439635648531,0.0597281030940476,1.0,12.510304525947165,0,0.0,0
0.1364003894454129,0.1107517478183428,0.2297858957638391,0.1075443520220209,0.0238748585239796,0.0,0.1525632636078669,0,0.0,0
11.427374606702603,4.043257263523805,2.215340509236079,1.580152422196753,0.0567809796516401,1.0,11.808818500966918,0,0.0,0
0.1288084273154618,0.0836295373914944,0.2637719500414009,0.1147558083401405,0.0165921007835604,0.0,0.1225265937946634,0,0.005,0
11.59442955175563,1.9006580936180764,1.2858679745050323,0.7644421189481441,0.077530708035987,1.0,11.737384742317156,0,0.0,0
0.146256999703149,0.0935383990147111,0.237271043222755,0.1549647882026323,0.0157610308068421,0.0,0.1513747946373382,0,0.0,0
0.1416503108506312,0.1050394658152545,0.2595925437841354,0.1431989899989116,0.0182122552829206,0.0,0.1533217282114084,0,0.0,0
0.1873408253630644,0.0834033474363734,0.2488960536219069,0.1025610714902943,0.0177423900776339,0.0,0.2069604886504668,0,0.0,0
0.1701595876826967,0.0919758119374709,0.206078672931896,0.0879762596089429,0.0170966263363033,0.0,0.1715224651813003,0,0.0,0
0.1833111488924164,0.0868541949424705,0.3131710564635941,0.1941833418323482,0.0153910336015382,0.0,0.1806824054402215,0,0.0,0
0.1469484668235914,0.1052167976647482,0.228153569319865,0.1200113523419379,0.0158941912320638,0.0,0.1638065374521412,0,0.0,0
0.1518177608497628,0.0834523853569808,0.1571824158342425,0.1432428754201939,0.0164776354220375,0.0,0.1415158915248715,0,0.0,0
0.1453509826972573,0.1083721960644582,0.2122098097839002,0.1227927838146039,0.0167685645675474,0.0,0.1633517831289177,0,0.0,0
0.1644165813015781,0.0792438932203123,0.2258697585153511,0.1219940023064395,0.0094852325755382,0.0,0.1740678710938973,0,0.0,0
11.061349542651255,6.210782868680703,2.893087691014184,2.5769547190658275,0.0736513504753329,0.8,12.434418629079453,0,0.05,0
0.184414758263873,0.089349985609187,0.1899220470392459,0.0741858229643384,0.0172038975182661,0.0,0.1757487745298655,0,0.0,0
12.323287928662884,3.679767153187652,1.753952276945451,1.4561633480398537,0.0585808579521002,1.0,12.765344039942404,0,0.0,0
0.1694812339805804,0.07035941930058,0.2151129676322618,0.1495611943773655,0.0210483389578038,0.0,0.1815104126057069,0,0.0,0
12.257663042236413,3.5721972408349285,1.5498158300840026,1.2173501169156768,0.0726123850544753,1.0,12.242576549019905,0,0.0,0
13.7634175638379,2.547080641299617,1.293479030920021,0.958905252698477,0.068076588834819,1.0,13.720548446978318,0,0.0,0
12.10916496270818,3.92940674099477,2.533556842644935,1.350134150696904,0.0608757777677938,1.0,12.13865070271464,0,0.0,0
11.90392520341111,4.021533080936425,2.2136155129372543,1.7479664699568829,0.082933973937755,1.0,12.7138410603144,0,0.0,0
0.1543037003085121,0.0996295088196498,0.240706098369907,0.1685187585040849,0.0218715181257838,0.0,0.1534276270180608,0,0.0,0
12.526816918810471,2.342340547001771,1.4481045885300987,0.7242533507818337,0.0749037835038645,1.0,12.572181060660206,0,0.0,0
11.332263986134944,1.7230487507380583,0.8919847832642729,0.7394203794376771,0.0701916525000943,1.0,11.073960870117348,0,0.0,0
0.1637849220571484,0.1891235625303199,0.2052543580466511,0.0221404074153,0.0243574592692759,0.0,0.0306303583774747,0,0.0,0
10.616619017130972,2.872975511618812,1.9141661077721952,1.1801344499608466,0.0504464657529682,1.0,10.42744732449584,0,0.0,0
0.1763996508080816,0.101325797913307,0.2039838081812182,0.0736733353151753,0.0155425061053602,0.0,0.1649325629470352,0,0.0,0
0.1511152847024315,0.0682047079895286,0.2210433803203078,0.1196427769348978,0.0239693443211301,0.0,0.1400139404905175,0,0.0,0
0.1469844622769509,0.083692535429253,0.2393910898892629,0.1192806470085531,0.0088730465320678,0.0,0.1463894584191168,0,0.005,0
0.1275871744900557,0.077063270990095,0.3293534889970976,0.1387430644962181,0.0166430601549329,0.0,0.1278291499936059,0,0.0,0
11.171671263817869,2.849598979462706,1.954699347186452,1.3773759210235723,0.0472172587535467,1.0,11.56754077762444,0,0.0,0
0.1161432576055882,0.1008359287236531,0.178236221464848,0.092202986341149,0.0161389938393111,0.0,0.1095045023864614,0,0.0,0
0.2126034769823068,0.0761217045067355,0.1898580048643635,0.1199024844898914,0.0163277912067375,0.0,0.213699368961827,0,0.0,0
12.94982961695328,3.667276527651113,1.674785097315781,1.141267729288408,0.0672363579034459,1.0,12.13148792818509,0,0.0,0
0.130678223826581,0.0924760579168227,0.299469459288964,0.1204187137055466,0.01823406325243,0.0,0.1296329413062579,0,0.0,0
12.844902444319558,3.5052149444651604,1.8954532771298915,1.4354695100015735,0.0715617857166168,1.0,13.384700836516751,0,0.0,0
0.1233236555638166,0.1089538961450156,0.1921583096557711,0.1100046575769549,0.0243923319945507,0.0,0.1369188894622524,0,0.0,0
0.1468027615494694,0.0834595999127127,0.20471407200036,0.1177222056575011,0.2137883054524616,0.0,0.1323048663165842,1,0.7,1
12.550194894809431,3.9464760983434,2.3038411868491817,1.220466590438953,0.0799144966185493,1.0,13.10956142799144,0,0.005,0
10.735627414633846,4.971342690062265,2.996783227401304,1.8287180333547728,0.0500228019145031,0.9,10.390723000832578,0,0.0,0
10.153845854213236,2.6649029359036875,1.962099926963398,1.0647297179693709,0.0896353394267815,1.0,10.27954354213487,0,0.0,0
0.1265120172949745,0.0877001193347636,0.2264734949277369,0.1424470365446111,0.0129781832970729,0.0,0.1352346725004365,0,0.0,0
0.1290518014002276,0.0941559477190945,0.2258071836164773,0.0744526346829077,0.0178032567530051,0.0,0.1175629256369437,0,0.0,0
11.65081819578232,2.037666737481114,1.1999366470259258,0.9407113602856702,0.0502717655215974,1.0,12.043646314751964,0,0.0,0
0.1410009537164135,0.0786389678129414,0.2786379856117142,0.1318812418029895,0.0111704819922341,0.0,0.139220678486313,0,0.0,0
0.1965043608294028,0.0787290305407859,0.1531260472079852,0.1222266264072264,0.0133668484518554,0.0,0.18716973830185,0,0.0,0
7.993047969197232,6.924883092450324,1.8113766832010136,2.3120565761065226,0.0470917716477222,0.6,7.146203016560717,0,0.0,0
0.1019667705869025,0.0968758402939358,0.2609607886946648,0.1367472855130622,0.0161672379472141,0.0,0.0982358276695479,0,0.0,0
3.868990122924356,6.100164193478765,1.398856392026331,2.3975980489863264,0.0404577166018463,0.3,4.303065502528698,0,0.0,0
0.1886534653538084,0.066213745113765,0.1974622464675272,0.100164304550663,0.0183573023013314,0.0,0.1876368224043525,0,0.0,0
0.1595157124772157,0.0933137817448636,0.2216992057506535,0.0932967846948553,0.0192752418180482,0.0,0.1526851523695392,0,0.0,0
0.1764980905251806,0.0681975145436661,0.2586402094353724,0.1308995940560619,0.0110581642348583,0.0,0.1680131463065512,0,0.0,0
0.1744432294483626,0.0858633478607047,0.284522771601757,0.1893569631057783,0.0131559073298835,0.0,0.1654978810060542,0,0.0,0
0.1296800807795012,0.0937232171057161,0.2170604860899256,0.1090345999621505,0.0187806325680265,0.0,0.1318885653352948,0,0.01,0
0.1158322401912503,0.1011798058196701,0.2772848254826602,0.0970533236737378,0.0129831899917176,0.0,0.1235381850759698,0,0.0,0
0.1645485864644086,0.0483371215115408,0.1400393527106343,0.0702181978590849,0.0130852559781972,0.0,0.1614438764812417,0,0.0,0
0.1795019359941743,0.103623008470557,0.2103144968035168,0.1259954368204273,0.018976092669234,0.0,0.1968883254054223,0,0.0,0
12.6168196008977,3.0153059752541176,2.192012921556921,1.353587234884358,0.0560008873913107,1.0,12.80965140407694,0,0.01,0
0.1469465543326579,0.0976615893493146,0.2192062501209471,0.194153732732162,0.0209527500049493,0.0,0.138174224308477,0,0.0,0
11.644519516675052,2.602635285390844,1.3243539842456082,0.8993078565619406,0.0641144953252712,1.0,11.644165923216676,0,0.0,0
0.1490213258899034,0.0780828929324127,0.2457131007270769,0.11647573192228,0.0168127650097186,0.0,0.1437713948388786,0,0.0,0
0.0857188579452705,0.0456794280811383,0.1787898717105168,0.1328857643609442,0.0159436384177863,0.0,0.0918569155095554,0,0.0,0
0.1425565892298387,0.0849261874330968,0.2351283484068576,0.0984546342344565,0.0200070711580147,0.0,0.1490853301765204,0,0.0,0
13.27104752033053,2.8929070651919586,1.79813601330649,1.200247725896118,0.057495704612962,1.0,13.375718784257078,0,0.0,0
13.257706447738068,2.8454439399789093,1.9904686237997344,0.9706036116512636,0.0684440823481328,1.0,13.261388343860702,0,0.0,0
9.822766875588812,5.685092958881204,2.655159305646588,2.3087530546591237,0.045616334351787,0.8,9.550302827001342,0,0.0,0
0.1360627231509892,0.0699499241402138,0.282329581698396,0.1415407120535637,0.0150921994401893,0.0,0.1424037821907899,0,0.0,0
0.1489462082248781,0.1135717417411016,0.2261674018502379,0.1205111680703215,0.0132866724347997,0.0,0.1361661953844688,0,0.0,0
0.1531358780343235,0.0641537180880012,0.2198077614980662,0.0937834166952747,0.0160239713723957,0.0,0.158451510496871,0,0.005,0
14.616542195388444,2.2727411494602814,2.497110857606978,1.4719807099552538,0.3626636333726535,0.4,12.732930923975184,1,0.78,1
0.1955450421005363,0.0529517189899932,0.2096829668323414,0.1046559898739778,0.0126461612699357,0.0,0.1881141123568579,0,0.0,0
0.1595925527824041,0.0894085864508573,0.2068751541478513,0.1247807147511589,0.0160358596688412,0.0,0.1792793138231181,0,0.0,0
0.1648334415537848,0.0981503862915049,0.240505307230865,0.1228688916323433,0.0172735543397716,0.0,0.1759811855079585,0,0.0,0
0.1256890488516242,0.0951670152772976,0.250102617485533,0.116208003296781,0.0089508265547557,0.0,0.1276043649282773,0,0.0,0
0.0925026828994963,0.0975685671997173,0.29231974384837,0.1561355945015323,0.0168480987483009,0.0,0.1004679832554231,0,0.0,0
0.1580981978443184,0.098510759740534,0.2287537900456324,0.1159950223683237,0.0080915010822558,0.0,0.1629749233959753,0,0.0,0
12.504331294983157,2.4738958234286152,1.473089769045727,0.9085940973346592,0.0755173647612987,1.0,12.575008706203114,0,0.0,0
0.1254682757993442,0.0767563031227745,0.1732460267158492,0.0424422707276395,0.0242015356848521,0.0,0.1131590145528122,0,0.0,0
11.537649693310328,2.889832844547793,1.8243281114405825,1.011740638319182,0.0460697698401563,1.0,11.24000140473898,0,0.0,0
11.020899604509111,2.847567044137784,2.0804485498773784,2.068827486742922,0.0630091538663164,1.0,11.0416263934286,0,0.0,0
0.1566301185751206,0.0595130134646544,0.1886608185100666,0.0810747033198014,0.0124613193258567,0.0,0.148629866812317,0,0.015,0
12.472289402147956,2.908245060530612,2.253654414486121,1.591197338029647,0.0712723317196407,1.0,12.608502714788344,0,0.005,0
0.1617974080473246,0.0964796595553434,0.2167177234332409,0.1214520763730496,0.0153463061161481,0.0,0.1495391130574772,0,0.0,0
0.0869907449898898,0.0900617675028843,0.3196325250877881,0.1644215756115578,0.0132814988796747,0.0,0.0904957224183471,0,0.0,0
0.1467176830039932,0.0946137773265974,0.2441189498835777,0.1055865881498213,0.009812717955447,0.0,0.163451610787077,0,0.0,0
0.0818811384838595,0.0658349866327208,0.2006742682281926,0.0977648629504484,0.0151559408441161,0.0,0.0848628052343785,0,0.0,0
0.107719356580869,0.0969859680203529,0.2360509856679318,0.1613269983411425,0.0148731881133663,0.0,0.1177050466306301,0,0.0,0
12.174227985874516,5.24959592371992,1.9378764911191968,1.95935597967176,0.0595189432336456,1.0,12.91926646725166,0,0.0,0
0.1593003528514616,0.0742752567898048,0.1597885920596434,0.0837504790846416,0.0077716805336534,0.0,0.1544762338882993,0,0.005,0
11.552610197077964,1.722853464566397,0.6546621848738646,0.687475643120801,0.0542624544876444,1.0,12.053247787962835,0,0.0,0
0.147734967763779,0.073670785082706,0.2740527136622219,0.1126199781596632,0.015730223718236,0.0,0.1528942249585493,0,0.0,0
0.1698370413886611,0.1015170597993437,0.2438966953991272,0.1479717501481685,0.0105014178916425,0.0,0.1904846155014119,0,0.0,0
11.421737380931171,3.4752930600383123,2.149550302145234,1.001040393704741,0.04660732068477,1.0,11.69861368523444,0,0.0,0
0.1367378682356295,0.0835739212194,0.2130848047222591,0.1134750929144206,0.0119425626982745,0.0,0.1283865035475375,0,0.015,0
0.2066633666322623,0.0810046348173705,0.2739060030307922,0.0663197416881235,0.0125552485233348,0.0,0.2180942379144806,0,0.0,0
0.1745790124956412,0.0776676271736059,0.1550007505063171,0.0998684565972448,0.0181486464767091,0.0,0.1920442296908046,0,0.0,0
13.032445907755264,2.973559837748971,1.8646986549262536,1.3836898760022125,0.0466981838230975,1.0,13.025995236410903,0,0.0,0
9.854875000448526,5.579582686834533,2.248056305808521,2.3444371775191226,0.0504470859711702,0.8,10.971939724277505,0,0.02,0
0.1211271698809248,0.1111539048115756,0.2026208591316224,0.055902376871743,0.0172748067895349,0.0,0.1345287191140751,0,0.005,0
0.11682636834784,0.0810720131311009,0.2132645585254033,0.0715432422117909,0.0110079032186305,0.0,0.125989460782075,0,0.01,0
12.43648917276201,3.0237403234556828,1.686417476498717,1.401996503981234,0.0558980762623338,1.0,12.3817828506589,0,0.0,0
0.11386657253671,0.1008735540272322,0.2804612532165814,0.0971762639908501,0.0127288062774481,0.0,0.1162694193601097,0,0.0,0
0.1221120568539425,0.0778082133669235,0.2656281956530445,0.1047067542016912,0.020104767060316,0.0,0.1286369607426293,0,0.005,0
11.412729187575724,4.959672618556745,2.1308336470340885,2.599689871037642,0.0639406977314593,1.0,11.559512131357767,0,0.0,0
0.2103565268996814,0.0772304033088795,0.3003529175755177,0.1575387046127579,0.0104191142676995,0.0,0.2309658802451314,0,0.0,0
0.1649656649307101,0.0668609699445664,0.226627865876248,0.1141332740991165,0.0153670469965037,0.0,0.1712153437463877,0,0.0,0
8.258225155443611,7.181712647388244,1.919642553040392,2.4419836299801587,0.055118351972577,0.6,7.42500880420536,0,0.0,0
13.149187586942952,3.2371904415630386,2.2857435040657985,0.9486723790299711,0.0632791218007509,1.0,12.960269605181823,0,0.035,0
12.638705516090385,3.030934650474097,1.4183163839459043,0.9591034438398148,0.0649528561409381,1.0,12.014248825675171,0,0.0,0
13.396767090257311,2.9042459795137554,1.91529473000392,1.3452644546712482,0.0689228453337897,1.0,13.76548273674898,0,0.005,0
2.230244861828249,6.597311541141465,1.948550793154932,3.7151976476555606,0.0176200901579684,0.1,0.1469438406291904,0,0.0,0
0.190069951842715,0.0850161738260511,0.2557194086997643,0.1092321376908199,0.015711977205586,0.0,0.1900527649840229,0,0.0,0
12.767752915347645,3.409549190663005,1.7922305732449206,1.5853811592624767,0.0733283730453451,1.0,13.86256474355496,0,0.0,0
0.1497940525276387,0.0902115061510243,0.2175809934125327,0.1360138652349826,0.2216472814497413,0.0,0.1628199600263286,1,0.635,1
14.030023705867771,3.296479373773723,2.4183348003467247,1.4317642855107675,0.0492644074541809,1.0,14.444824990177178,0,0.015,0
0.1153689592606643,0.0769718149442649,0.2162061544582568,0.1517552591799791,0.0127764894501984,0.0,0.1215369679923278,0,0.0,0
0.1662458453212382,0.0969030426616586,0.1616856489924265,0.0728426105856618,0.0119660221594845,0.0,0.1874357494955382,0,0.0,0
